{
  "args": {
    "num_clients": 8,
    "num_rotations": 8,
    "lambda_reg": 0.001,
    "alpha": 0.0005,
    "eta": 1e-05,
    "gamma": 0.1,
    "num_rounds": 5,
    "local_epochs": 1,
    "batch_size": 32,
    "l2_strength": 0.01,
    "graph_type": "complete",
    "edge_probability": 0.15,
    "seed": 42
  },
  "graph_stats": {
    "num_nodes": 8,
    "num_edges": 28,
    "avg_degree": 7.0,
    "max_degree": 7,
    "min_degree": 7,
    "diameter": 1,
    "avg_clustering": 1.0,
    "is_connected": true
  },
  "local_times": [
    4.815161656879354,
    2.2848674700944684,
    2.290310004958883,
    2.261330578941852,
    2.308037157927174
  ],
  "sheaf_times": [
    0.018531124107539654,
    0.005060920084360987,
    0.00487454206449911,
    0.005247187102213502,
    0.004968960070982575
  ],
  "restrict_times": [
    0.004897550912573934,
    0.003525201929733157,
    0.003303601872175932,
    0.0035072030732408166,
    0.003512680996209383
  ]
}